{"cameraMode":{"drawMode":0,"name":"Shaded","section":"Shading Mode"},"sceneLighting":true,"audioPlay":false,"sceneViewState":{"m_AlwaysRefresh":false,"showFog":true,"showSkybox":true,"showFlares":true,"showImageEffects":true,"showParticleSystems":true,"showVisualEffectGraphs":true,"m_FxEnabled":true},"in2DMode":false,"pivot":{"x":-26.635528564453126,"y":3.6673364639282228,"z":-15.320048332214356},"rotation":{"x":-0.27227216958999636,"y":0.41162922978401186,"z":-0.13026387989521027,"w":-0.8599658012390137},"size":8.152095794677735,"orthographic":true}