{"cameraMode":{"drawMode":0,"name":"Shaded","section":"Shading Mode"},"sceneLighting":false,"audioPlay":false,"sceneViewState":{"m_AlwaysRefresh":false,"showFog":true,"showSkybox":false,"showFlares":true,"showImageEffects":true,"showParticleSystems":true,"showVisualEffectGraphs":true,"m_FxEnabled":true},"in2DMode":false,"pivot":{"x":7.853038787841797,"y":1.0123448371887208,"z":-0.04183781147003174},"rotation":{"x":0.31933680176734927,"y":-0.6325737237930298,"z":0.3216451406478882,"w":0.6280354261398315},"size":0.29966965317726138,"orthographic":false}